Days,Urban Terrestrial,Urban Aquatic,Forested Terrestrial,Forested Aquatic
0,100,100,100,100
14,76.13114754,40.10928962,82.38251366,42.09836066
28,62.57923497,28.93989071,70.5136612,27.86885246
42,47.65027322,18.79781421,67.86885246,31.67213115